dark_store_id,yhat
0,4950.949392439908
1,36808.991103773005
2,2955.181372586155
